"","Vars","Modal_rank","Prop_rank","log_liklihood","AICc_med","delta_med","R2_med"
"1","CWD",2,0,-547.830603997719,1102.08977942401,133.217598890711,0.159805216414129
"2","Height*CWD",1,0.1,-478.835748963675,968.78260903846,0,0.243998202310592
"3","Height_RR",4,0,-678.448311256673,1363.32519394192,394.247809631866,0.000595000311502059
"4","Null",3,0,-678.910010019056,1362.0305463539,393.004951698876,0
